"","YEAR_DAY","YEAR_1994","YEAR_1995","YEAR_1996","YEAR_1997","YEAR_1998","YEAR_1999","YEAR_2000","YEAR_2001","YEAR_2002","YEAR_2003","YEAR_2004","YEAR_2005","YEAR_2006","YEAR_2007","YEAR_2008","YEAR_2009","YEAR_2010","YEAR_MEAN","YEAR_MEDIAN","YEAR_SD","tempDATE","MONTH","MONTH_CH","DAY_YEAR"
"1",1,2.2,2.3,2,4.5,8.1,5.7,3.6,6.5,5,2.5,8.7,8,3.3,3,3.8,4.1,2,4.429,3.8,2.239,2015-01-01,1,"Jan",1
"2",2,2.4,2.3,2.4,4.5,6.4,5.1,4.4,8.3,4.1,2.4,7.5,7.8,3.2,2.9,4.7,3.9,2.2,4.382,4.1,2.035,2015-01-02,1,"Jan",2
"3",3,2.5,2.2,1.9,4.4,5.8,4.6,3.6,7,4.3,2.4,7,9.5,3.1,2.8,16.1,3.7,2,4.876,3.7,3.574,2015-01-03,1,"Jan",3
"4",4,2.6,2.3,1.7,4.1,5.7,5.3,3.3,5.8,4.2,2.3,7.2,11.6,3.1,2.9,9.7,3.5,1.9,4.541,3.5,2.779,2015-01-04,1,"Jan",4
"5",5,9.3,2.3,1.7,4,5,4.5,3.3,5,4.3,2.3,6.7,9.3,3.3,3.1,6.1,6.4,2.2,4.635,4.3,2.308,2015-01-05,1,"Jan",5
"6",6,15.9,2.4,1.8,3.8,4.7,4.3,6.3,6.3,4,2.3,6.5,7.8,3.9,4.1,5.2,4.1,6.9,5.312,4.3,3.206,2015-01-06,1,"Jan",6
"7",7,5.8,2.3,1.8,3.7,4.5,4.6,4.6,5.2,12.7,3.1,7.3,7.1,6.6,3.3,5.7,3.8,6.9,5.235,4.6,2.539,2015-01-07,1,"Jan",7
"8",8,4.5,2.5,5.2,3.6,4.2,4.2,4.8,4.7,16.1,2.7,7,8,11.4,3,4.5,3.8,3.5,5.512,4.5,3.499,2015-01-08,1,"Jan",8
"9",9,3.9,2.6,10.2,3.4,4.2,4.2,4.3,4.3,19.6,3.6,6.4,24.1,7.9,2.8,4.2,3.8,3,6.618,4.2,6.101,2015-01-09,1,"Jan",9
"10",10,3.4,2.6,9.4,3.3,4,3.9,3.7,4,14.5,3.1,6.3,17.9,5.3,2.8,3.9,3.6,14.6,6.253,3.9,4.815,2015-01-10,1,"Jan",10
"11",11,3.2,2,7.2,3.2,3.9,4.8,3.4,3.8,9.8,2.7,6.6,11.7,4.7,2.7,3.8,3.5,28.9,6.229,3.8,6.403,2015-01-11,1,"Jan",11
"12",12,3.1,1.7,5.1,3.1,3.9,6.4,3.2,3.6,7.8,2.5,6.2,9.6,4.3,2.6,3.6,3.4,17.6,5.159,3.6,3.81,2015-01-12,1,"Jan",12
"13",13,3,1.7,5.6,3,3.6,6.8,7.3,3.6,6.9,2.4,5.9,8.4,4,2.5,3.4,3.3,19,5.318,3.6,4.042,2015-01-13,1,"Jan",13
"14",14,2.8,1.7,5.1,2.9,3.6,5.5,23.6,3.3,6.2,2.6,5.7,7.6,5.3,2.5,3.3,3.2,11.8,5.688,3.6,5.222,2015-01-14,1,"Jan",14
"15",15,2.9,1.7,4.4,2.9,3.4,5,21.9,3.3,5.7,2.5,5.5,10.1,30.4,2.4,3.2,3.1,8.1,6.853,3.4,7.722,2015-01-15,1,"Jan",15
"16",16,3.2,1.6,4.9,2.8,3.6,4.7,12.9,3.2,5.3,2.3,5.4,19.2,19.2,2.4,3.1,3.2,6.5,6.088,3.6,5.556,2015-01-16,1,"Jan",16
"17",17,2.8,1.6,4.1,2.7,3.5,4.5,13.2,3,5,2.3,5.3,31.2,9.5,2.4,3,3,5.5,6.035,3.5,7.102,2015-01-17,1,"Jan",17
"18",18,2.7,1.5,3.7,2.7,3.3,4.3,16.2,3,4.8,2.2,5.1,26.2,7.4,3.1,2.9,2.9,4.9,5.7,3.3,6.248,2015-01-18,1,"Jan",18
"19",19,2.6,1.5,3.4,8.4,3.2,4.1,9,3,4.5,2.4,5,22.1,6.3,2.5,2.9,2.8,4.5,5.188,3.4,4.825,2015-01-19,1,"Jan",19
"20",20,2.6,1.4,3.1,7.1,3.2,3.9,7.1,2.9,4.3,2.6,4.8,18.9,5.7,2.4,2.8,3.2,4.1,4.712,3.2,3.986,2015-01-20,1,"Jan",20
"21",21,2.5,1.4,3.2,6.8,3.2,3.9,6.3,2.8,3.9,2.3,4.7,13.8,5.2,2.3,2.8,3.6,3.8,4.265,3.6,2.84,2015-01-21,1,"Jan",21
"22",22,2.5,1.3,3.5,4.3,3.1,3.8,6.2,3.4,3.7,2.1,4.5,11.6,4.8,2.3,2.7,3.6,3.5,3.935,3.5,2.28,2015-01-22,1,"Jan",22
"23",23,2.4,1.8,2.9,3.7,3.1,3.8,5,8.5,3.5,2.1,5.3,9.9,4.5,2.3,2.7,4.3,3.3,4.065,3.5,2.187,2015-01-23,1,"Jan",23
"24",24,2.4,2.7,2.7,3.4,3,3.7,4.6,10.1,3.3,2.1,6.3,9.8,4.3,2.3,2.6,3.3,3.2,4.106,3.3,2.422,2015-01-24,1,"Jan",24
"25",25,2.4,1.6,2.5,3.2,2.9,4.2,4.2,12.2,3.5,4.9,5.1,8.7,4.4,2.2,2.7,8.1,3,4.459,3.5,2.777,2015-01-25,1,"Jan",25
"26",26,2.4,1.4,2.3,3,2.9,4.2,4,17.2,4.4,8.8,5,7.9,4.2,2.5,2.5,7.6,2.9,4.894,4,3.818,2015-01-26,1,"Jan",26
"27",27,2.3,1.3,2.3,2.9,2.4,3.7,3.9,10.2,5,17.5,4.8,7.4,5.5,2.3,2.9,4.9,2.7,4.824,3.7,3.938,2015-01-27,1,"Jan",27
"28",28,2.3,1.3,3.1,2.8,1.9,3.5,3.7,7,4,20.1,4.5,6.9,7.1,2.3,2.7,4.1,2.6,4.7,3.5,4.344,2015-01-28,1,"Jan",28
"29",29,2.3,1.4,2.4,2.7,1.9,3.6,3.4,5.9,3.6,8.5,4.4,6.4,5.1,2.4,2.5,3.8,2.5,3.694,3.4,1.862,2015-01-29,1,"Jan",29
"30",30,2.3,1.3,2.2,2.7,1.9,3.5,3.3,5.2,3.4,6.3,4.2,6.1,4.6,2.4,2.4,3.5,2.5,3.4,3.3,1.45,2015-01-30,1,"Jan",30
"31",31,2.2,1.7,2.1,3.3,1.8,3.4,3.1,4.8,3.3,5.2,4.2,6.1,5.4,2.3,2.4,3.4,2.4,3.359,3.3,1.346,2015-01-31,1,"Jan",31
"32",32,2.2,1.6,2,2.9,1.8,4.2,3,4.5,3.2,4.6,4.1,5.9,4.8,2.2,2.4,3.3,2.3,3.235,3,1.246,2015-02-01,2,"Feb",32
"33",33,2.1,1.3,2,2.7,1.7,3.8,2.8,4.2,3.4,4.1,4,5.3,4.3,2.1,2.3,3.1,2.2,3.024,2.8,1.115,2015-02-02,2,"Feb",33
"34",34,2.1,1.2,1.9,2.6,1.7,3.4,2.7,3.9,3.1,3.8,3.9,5.1,5,2.1,2.3,3.4,2.1,2.959,2.7,1.126,2015-02-03,2,"Feb",34
"35",35,2.1,1.2,2.3,2.6,1.8,3.3,3.3,3.8,3,3.6,3.8,4.9,6.2,2,2.3,11.4,2.1,3.512,3,2.375,2015-02-04,2,"Feb",35
"36",36,2.1,1.1,26.4,2.6,1.7,3.4,3.1,2.5,2.9,3.4,3.8,4.9,4.8,2,2.2,25.6,2,5.559,2.9,7.762,2015-02-05,2,"Feb",36
"37",37,2.1,1.2,26.3,2.6,1.6,3.4,5.5,2.5,2.8,3.2,3.7,4.6,5.7,1.9,2.2,21.9,1.9,5.476,2.8,7.168,2015-02-06,2,"Feb",37
"38",38,2.1,1.4,15.5,2.5,1.9,3.2,5.2,3.4,2.7,3.1,4.6,4.4,4.9,1.9,2.2,18.2,1.9,4.653,3.1,4.757,2015-02-07,2,"Feb",38
"39",39,2.4,1.8,9.7,2.4,1.8,3.1,3.5,3.3,2.7,3.1,3.9,4.5,4.4,1.9,2.1,11,1.9,3.735,3.1,2.646,2015-02-08,2,"Feb",39
"40",40,2.1,9.8,7.3,2.4,1.8,3.1,3.1,3.3,2.6,2.9,3.7,4.2,4.1,1.8,2.1,8.4,1.8,3.794,3.1,2.409,2015-02-09,2,"Feb",40
"41",41,2,10,6.1,2.8,1.8,3.1,2.9,3.8,2.6,3,3.8,4.1,3.9,1.8,2.1,7,1.7,3.676,3,2.19,2015-02-10,2,"Feb",41
"42",42,2,4.4,5.3,6.1,1.7,2.9,2.9,3.9,2.5,3.1,3.7,6.3,3.8,1.8,2.1,6,1.7,3.541,3.1,1.593,2015-02-11,2,"Feb",42
"43",43,2,3,16.3,3.8,1.7,2.8,2.8,3.3,2.4,2.9,3.8,4.8,3.6,1.8,2.1,5.4,1.7,3.776,2.9,3.395,2015-02-12,2,"Feb",43
"44",44,2,2.4,40.7,3.6,1.6,3.5,2.8,3.1,2.4,3.2,3.6,4.3,4.8,1.7,2,4.9,1.7,5.194,3.1,9.21,2015-02-13,2,"Feb",44
"45",45,1.9,2.2,29.1,4.7,1.5,5.8,2.7,3,2.3,2.8,3.5,4,8.1,1.7,2.2,4.6,1.7,4.812,2.8,6.494,2015-02-14,2,"Feb",45
"46",46,1.9,2,13.2,5.2,1.6,4,2.7,2.9,2.3,2.8,3.4,3.9,5.6,1.7,2.2,4.3,1.6,3.606,2.8,2.763,2015-02-15,2,"Feb",46
"47",47,1.9,1.8,10,4.6,1.5,3.9,2.7,2.9,2.2,2.6,3.4,3.8,4.7,1.6,2.1,4,1.6,3.253,2.7,2.039,2015-02-16,2,"Feb",47
"48",48,1.8,1.7,8.4,4.2,1.4,3.5,2.6,2.8,2.2,2.7,3.3,4,4.3,1.6,2,3.8,3.2,3.147,2.8,1.649,2015-02-17,2,"Feb",48
"49",49,1.9,1.5,7.2,3.7,1.5,4.5,2.6,2.7,2.2,2.6,7.4,5.4,4,2,2.3,3.6,7.5,3.682,2.7,2.053,2015-02-18,2,"Feb",49
"50",50,1.9,1.5,6.4,3.3,1.5,4.2,3,2.6,2.1,2.6,5,5,3.8,9.4,2.2,3.5,7.6,3.859,3.3,2.223,2015-02-19,2,"Feb",50
"51",51,1.8,1.4,5.8,3.2,1.5,3.5,2.8,2.5,2.1,2.6,4.2,4.3,3.6,4.6,2,4,3.3,3.129,3.2,1.212,2015-02-20,2,"Feb",51
"52",52,1.8,1.3,5.3,3.2,1.5,3.3,10,2.3,2,2.6,3.9,4.1,3.5,3.4,2,3.8,2.7,3.335,3.2,2.014,2015-02-21,2,"Feb",52
"53",53,1.8,1.4,5,3,1.5,3.3,17,2.3,2.1,2.4,3.7,3.9,3.4,2.8,1.9,3.5,2.3,3.606,2.8,3.581,2015-02-22,2,"Feb",53
"54",54,1.8,2.1,4.7,4.7,1.4,3.3,7,2.2,2,2.3,3.6,3.8,3.3,2.6,1.9,3.4,2.1,3.071,2.6,1.418,2015-02-23,2,"Feb",54
"55",55,1.8,1.6,4.4,6.1,1.3,3.3,4,2.2,2.9,2.3,3.5,3.6,3.4,2.4,1.9,3.2,2,2.935,2.9,1.209,2015-02-24,2,"Feb",55
"56",56,1.8,1.4,4.2,5.2,1.2,3,4,2.1,3.8,2.3,3.4,3.4,3.2,2.2,1.9,3.1,3.3,2.912,3.1,1.079,2015-02-25,2,"Feb",56
"57",57,1.8,1.5,4,4.5,1.2,2.9,3.9,2.1,2.4,2.3,3.3,3.3,3.1,2.1,1.9,3,2.8,2.712,2.8,0.918,2015-02-26,2,"Feb",57
"58",58,1.8,1.3,3.8,4.1,1.1,2.9,3.9,2,2.2,2.3,5.8,3.2,3.1,2,1.8,2.9,2.2,2.729,2.3,1.185,2015-02-27,2,"Feb",58
"59",59,1.8,1.2,3.8,3.7,1.1,2.7,3.8,2,2,2.2,7.5,3,3,2,1.8,2.8,3,2.788,2.7,1.474,2015-02-28,2,"Feb",59
"61",61,1.7,1,3.6,4,1.1,2.7,3.7,2,1.9,2.1,5.8,2.9,2.9,1.9,1.8,2.9,2.5,2.618,2.5,1.187,2015-03-02,3,"Mar",61
"62",62,1.2,1,3.5,3.6,1,2.6,3.6,1.9,1.9,2.1,5,2.8,2.8,1.8,1.8,4.4,2.9,2.582,2.6,1.161,2015-03-03,3,"Mar",62
"63",63,1.5,1,3.4,3.3,1.2,2.6,3.3,1.9,2,2.1,4.6,2.7,2.8,1.9,1.8,4.8,3.7,2.624,2.6,1.109,2015-03-04,3,"Mar",63
"64",64,1.1,0.9,3.3,3.1,1.2,2.5,3.3,1.8,1.9,2,4.3,2.6,2.7,1.9,1.8,7.4,3.9,2.688,2.5,1.55,2015-03-05,3,"Mar",64
"65",65,1.2,0.9,3.1,2.9,1.2,2.5,3.5,1.8,1.8,2,4.2,2.6,2.7,1.8,1.7,7,3.6,2.618,2.5,1.457,2015-03-06,3,"Mar",65
"66",66,1.6,0.9,3.1,2.9,1.2,2.6,3.2,2.1,1.8,2,4.7,2.5,2.6,1.7,1.7,5.3,3.4,2.547,2.5,1.165,2015-03-07,3,"Mar",66
"67",67,1.2,0.9,3,2.8,1.1,2.6,3.2,2,1.8,2,4.4,2.4,2.6,1.7,1.7,5.2,3.2,2.459,2.4,1.137,2015-03-08,3,"Mar",67
"68",68,1.1,0.8,2.9,2.8,1.8,2.4,3.3,1.8,1.8,2.1,4.5,2.4,2.6,1.7,1.7,5.1,2.8,2.447,2.4,1.103,2015-03-09,3,"Mar",68
"69",69,1.1,1,2.8,2.6,2,2.4,3.2,1.7,1.7,2,4.5,2.3,2.5,1.7,1.7,4.8,2.5,2.382,2.3,1.03,2015-03-10,3,"Mar",69
"70",70,1.1,0.9,3.2,2.6,5,2.4,3,1.7,1.7,2,4.3,2.3,2.5,1.7,1.6,4.5,2.4,2.524,2.4,1.167,2015-03-11,3,"Mar",70
"71",71,1.1,0.9,3.4,2.6,4,2.4,2.9,1.7,1.7,2,4.2,3.3,2.5,2.5,1.6,4.2,2.2,2.541,2.5,1.018,2015-03-12,3,"Mar",71
"72",72,1.1,0.8,2.9,2.6,2.3,2.3,2.8,1.7,1.6,1.9,6.4,2.5,2.4,1.8,1.7,4,2.1,2.406,2.3,1.265,2015-03-13,3,"Mar",72
"73",73,1,0.8,2.7,2.4,1.6,2.2,2.8,1.7,1.6,1.9,5.4,2.3,2.4,1.7,1.7,3.8,2,2.235,2,1.075,2015-03-14,3,"Mar",73
"74",74,1.1,0.8,2.6,2.3,1.4,2.4,2.7,1.6,1.6,1.9,5,2.2,2.3,1.6,1.7,3.7,2,2.171,2,0.994,2015-03-15,3,"Mar",74
"75",75,1.1,0.8,2.5,2.5,1.3,3.3,2.6,1.6,1.6,1.8,4.6,2.2,2.3,1.6,1.7,3.5,1.8,2.165,1.8,0.956,2015-03-16,3,"Mar",75
"76",76,1.1,0.8,2.4,2.3,1.3,6.3,2.7,2.1,1.7,1.8,4.4,2.1,2.3,1.6,1.6,3.4,1.8,2.335,2.1,1.332,2015-03-17,3,"Mar",76
"77",77,1.1,0.8,2.4,2.3,1.2,5.6,2.5,2,1.9,1.8,4.7,2,4.2,1.6,1.6,3.3,1.7,2.394,2,1.323,2015-03-18,3,"Mar",77
"78",78,1.1,0.9,2.3,2.3,1.6,3.4,2.4,2,2,1.8,4.2,2,2.6,2.1,1.6,3.2,2.3,2.224,2.1,0.813,2015-03-19,3,"Mar",78
"79",79,1.1,0.8,2.3,2.3,1.4,3.1,2.4,2,1.8,1.7,5.5,2,2.4,1.7,1.6,3.1,2,2.188,2,1.048,2015-03-20,3,"Mar",79
"80",80,1.1,0.7,2.2,2.5,1.1,2.8,2.4,2,1.7,1.7,4.7,1.9,2.4,1.6,1.8,3.1,1.9,2.094,1.9,0.912,2015-03-21,3,"Mar",80
"81",81,1,0.7,2.3,2.4,1.1,2.7,2.4,1.9,1.7,1.7,4.3,1.9,2.3,1.6,1.7,3,8,2.394,1.9,1.669,2015-03-22,3,"Mar",81
"82",82,1,0.6,2.9,2.2,1.2,2.7,2.4,2.1,1.6,1.7,4.1,1.9,2.4,1.5,1.7,2.9,11.6,2.618,2.1,2.459,2015-03-23,3,"Mar",82
"83",83,1,0.7,3,2.2,1.5,2.6,2.2,1.9,1.6,1.6,3.9,2.2,2.4,1.6,1.6,2.9,5.4,2.253,2.2,1.121,2015-03-24,3,"Mar",83
"84",84,1.1,0.6,2.5,2.1,2.3,2.6,2.2,1.9,1.6,1.7,3.8,1.9,2.4,1.7,1.6,2.8,4.2,2.176,2.1,0.88,2015-03-25,3,"Mar",84
"85",85,1.1,0.6,2.4,2.1,3,2.6,2.4,1.8,1.6,1.6,3.7,1.8,2.3,1.6,1.6,2.7,3.6,2.147,2.1,0.823,2015-03-26,3,"Mar",85
"86",86,1.1,0.6,2.2,2.1,2,2.5,2.2,1.9,1.6,1.7,3.5,2,2.3,1.5,1.6,2.6,3.2,2.035,2,0.703,2015-03-27,3,"Mar",86
"87",87,1.1,0.9,2.4,2.1,1.6,2.5,2.3,1.9,1.5,1.6,3.5,2.6,2.8,1.5,1.6,2.6,2.9,2.082,2.1,0.699,2015-03-28,3,"Mar",87
"88",88,1.4,1.2,2.3,2.1,1.5,2.3,2.3,1.9,1.5,1.6,3.4,2,4.6,1.4,1.5,2.5,2.9,2.141,2,0.866,2015-03-29,3,"Mar",88
"89",89,1.3,1.2,2.4,2.2,1.3,2.4,2.2,1.7,1.4,1.6,3.8,1.8,3.6,1.4,1.5,2.5,2.6,2.053,1.8,0.776,2015-03-30,3,"Mar",89
"90",90,1.1,1.2,2.6,2.2,1.3,2.3,2,1.8,1.4,2.4,3.5,1.8,3.2,1.4,1.5,2.5,2.5,2.041,2,0.698,2015-03-31,3,"Mar",90
"91",91,1.1,1.4,2.5,2.2,1.2,2.2,2,1.7,1.4,19.8,3.5,1.7,2.9,1.4,1.5,2.4,2.4,3.018,2,4.373,2015-04-01,4,"Apr",91
"92",92,1.2,1.3,2.2,2.2,1.2,2.2,2.1,1.7,1.4,11.1,3.4,1.7,2.7,1.5,1.5,2.4,2.4,2.482,2.1,2.299,2015-04-02,4,"Apr",92
"93",93,1.1,1.4,2.1,2.6,1.2,2.2,1.9,1.7,1.4,5,3.3,1.6,2.6,1.5,1.5,2.5,2.3,2.112,1.9,0.953,2015-04-03,4,"Apr",93
"94",94,1.1,1.6,2.1,2.5,1.1,2.3,2,1.7,1.4,3.6,3.2,1.6,2.5,1.6,1.5,2.4,2.2,2.024,2,0.689,2015-04-04,4,"Apr",94
"95",95,1,3.1,2,2.6,1,2.2,2,1.6,1.3,3,3.1,1.7,2.5,2,1.5,2.3,2.1,2.059,2,0.666,2015-04-05,4,"Apr",95
"96",96,1,1.9,2,2.6,1,2.2,1.8,1.6,1.3,2.7,3,1.6,2.4,1.7,1.6,2.3,2,1.924,1.9,0.567,2015-04-06,4,"Apr",96
"97",97,1,1.3,1.9,2.5,1,2.1,1.8,1.6,1.3,2.6,3,1.6,2.3,1.6,1.6,2.2,2,1.847,1.8,0.56,2015-04-07,4,"Apr",97
"98",98,1.1,1.2,1.9,2.5,1,2.1,1.6,1.8,1.3,2.4,3,1.5,2.3,1.5,1.5,2.2,2,1.818,1.8,0.553,2015-04-08,4,"Apr",98
"99",99,1,1.2,1.8,2.6,1,2.1,1.6,1.9,1.3,2.2,3,1.5,2.3,1.4,1.5,2.2,1.9,1.794,1.8,0.561,2015-04-09,4,"Apr",99
"100",100,1,1.1,1.7,2.5,1,2,5.4,1.7,1.3,2.2,2.8,1.5,2.5,1.4,1.5,2.1,1.9,1.976,1.7,1.034,2015-04-10,4,"Apr",100
"101",101,1,1.1,1.7,2.6,1,2.1,6.8,1.6,1.4,2.1,2.7,1.5,2.7,2.1,1.5,2.1,2.2,2.129,2.1,1.325,2015-04-11,4,"Apr",101
"102",102,1,1.1,1.7,2.5,1.2,2.4,3.9,1.6,1.3,2,2.7,1.4,2.4,1.9,1.7,2.1,2.5,1.965,1.9,0.731,2015-04-12,4,"Apr",102
"103",103,1,1.1,1.7,2.6,1.3,2,3.4,1.7,1.4,2,2.7,1.4,2.3,1.5,1.6,2.1,2.2,1.882,1.7,0.629,2015-04-13,4,"Apr",103
"104",104,1,1,1.6,2.5,1.1,2,3.3,2.2,1.4,2,2.7,1.3,2.2,1.5,1.5,2.3,2.3,1.876,2,0.65,2015-04-14,4,"Apr",104
"105",105,1,1,1.6,2.5,1.3,2.2,3.3,2,1.3,1.9,2.6,1.4,2.2,1.4,1.5,2.1,2.2,1.853,1.9,0.622,2015-04-15,4,"Apr",105
"106",106,1,1.1,1.5,2.5,1.1,4.6,3.1,1.7,1.3,1.9,2.8,1.9,2.1,1.3,1.4,2.1,2.1,1.971,1.9,0.908,2015-04-16,4,"Apr",106
"107",107,1,1,1.5,2.5,1.3,2.5,2.9,1.6,1.3,1.8,5.6,5.3,2.1,1.3,1.4,2,2.1,2.188,1.8,1.343,2015-04-17,4,"Apr",107
"108",108,1,2,1.5,2.4,1.1,2.8,2.9,1.7,1.3,1.7,6.4,8.6,2.1,1.3,2.4,2,2,2.541,2,1.983,2015-04-18,4,"Apr",108
"109",109,1,1.5,1.5,2.3,1,3.6,2.9,1.7,1.3,1.7,9.7,7.7,2.1,1.3,1.8,1.9,1.9,2.641,1.8,2.398,2015-04-19,4,"Apr",109
"110",110,1,1.2,1.5,2.4,1,2.6,2.9,1.9,1.2,1.7,13.3,4.2,2,1.2,1.9,1.9,1.9,2.576,1.9,2.878,2015-04-20,4,"Apr",110
"111",111,1,2.1,1.4,2.5,1.1,2.4,2.9,1.7,1.2,1.7,8.9,3.2,2,1.2,1.8,1.9,1.9,2.288,1.9,1.812,2015-04-21,4,"Apr",111
"112",112,1,1.4,1.4,2.4,1.2,2.3,2.8,1.6,1.2,1.7,6.7,2.7,2,1.2,1.6,2,1.9,2.065,1.7,1.31,2015-04-22,4,"Apr",112
"113",113,1,1.2,1.4,2.7,1.2,2.3,2.8,1.5,1.3,1.8,5.8,2.4,2,1.1,1.6,2.1,2.1,2.018,1.8,1.124,2015-04-23,4,"Apr",113
"114",114,1.2,1.2,1.4,2.4,1.3,2.6,2.7,1.5,1.4,2.2,5.2,2.2,2,1.2,1.5,2,2,2,2,0.967,2015-04-24,4,"Apr",114
"115",115,1.1,1.2,1.3,3.2,1.5,3.8,2.6,1.5,1.3,1.8,4.7,2.1,1.9,1.2,1.5,1.9,2.2,2.047,1.8,1.007,2015-04-25,4,"Apr",115
"116",116,1,1.1,1.4,4.2,2.1,6.7,2.9,1.2,1.2,1.7,4.4,1.9,1.8,1.2,1.5,1.9,5.4,2.447,1.8,1.699,2015-04-26,4,"Apr",116
"117",117,1,1.7,1.3,7.4,1.4,4.4,4,1.1,1.2,1.6,4.2,1.9,1.8,1.2,1.5,1.9,2.8,2.376,1.7,1.705,2015-04-27,4,"Apr",117
"118",118,1.9,1.9,1.4,4.4,1.5,4.1,3.6,1.2,1.2,1.6,4.1,1.8,1.8,1.3,1.5,2,2.6,2.229,1.8,1.104,2015-04-28,4,"Apr",118
"119",119,2.2,2.6,1.5,2.9,1.4,5.3,3.8,1.5,1.2,2.1,3.9,1.8,1.8,1.2,1.4,1.9,6.3,2.518,1.9,1.489,2015-04-29,4,"Apr",119
"120",120,1.4,1.6,1.5,2.1,1.3,4.4,3.6,1.5,1.2,2,4,1.7,1.7,1.6,1.4,1.9,7.9,2.4,1.7,1.719,2015-04-30,4,"Apr",120
"121",121,1.4,1.4,1.5,1.6,1.2,4.3,4.1,1.3,1.2,1.8,3.9,1.7,1.7,1.3,1.4,1.8,5,2.153,1.6,1.273,2015-05-01,5,"May",121
"122",122,1.1,1.6,1.8,1.5,1.2,3.8,2.7,1.3,1.2,1.7,3.6,1.6,1.7,2.8,1.4,1.8,3.6,2.024,1.7,0.91,2015-05-02,5,"May",122
"123",123,1.1,2.1,1.5,3.6,1.1,5.3,2.5,1.2,1.4,1.6,3.5,1.5,1.7,3.7,1.4,2.2,2.8,2.247,1.7,1.179,2015-05-03,5,"May",123
"124",124,1,2.2,1.3,2.8,1.1,8.5,2.4,1.1,1.5,1.5,3.5,1.6,1.7,2.2,1.4,2,2.6,2.259,1.7,1.747,2015-05-04,5,"May",124
"125",125,0.9,1.8,1.3,5.6,1,9,2.3,1.1,20.2,1.7,4.6,1.5,1.7,2.3,1.3,1.9,2.4,3.565,1.8,4.764,2015-05-05,5,"May",125
"126",126,0.9,1.9,1.3,2.4,1,5.9,2.5,1.1,8.4,1.8,4.3,1.6,1.7,2.1,1.3,3.2,2.3,2.571,1.9,1.971,2015-05-06,5,"May",126
"127",127,0.8,1.7,1.5,2,1.1,4.6,2.6,1.1,5.3,2,4.3,1.7,1.6,1.8,1.3,2.3,2.1,2.224,1.8,1.293,2015-05-07,5,"May",127
"128",128,0.8,1.5,1.7,1.9,1.1,6.8,2.3,1.2,4.8,1.7,6.1,1.9,1.8,1.8,1.3,4.3,2,2.529,1.8,1.807,2015-05-08,5,"May",128
"129",129,0.8,1.4,2.9,2.2,1.1,5.1,2.3,1.2,4.9,2,5.4,1.8,2.3,2.1,1.3,2.7,1.9,2.435,2.1,1.407,2015-05-09,5,"May",129
"130",130,0.9,1.3,2.4,1.9,1,4.2,2.3,1.1,4.3,1.8,14.2,1.8,2,2.2,1.3,2.2,1.9,2.753,1.9,3.1,2015-05-10,5,"May",130
"131",131,0.8,1.4,1.9,2.8,1,3.8,2.3,1.2,4.5,1.9,7.2,1.8,1.8,3,2.1,2.1,1.8,2.435,1.9,1.554,2015-05-11,5,"May",131
"132",132,1,1.4,1.9,4.2,1,4.4,2.5,1.1,3.7,7.5,6,3.7,1.9,2.7,1.5,2.4,1.8,2.865,2.4,1.842,2015-05-12,5,"May",132
"133",133,1,1.5,3.1,8.2,1,3.4,2.3,1.2,3,3.9,5.4,2.1,1.8,2.1,1.4,2.1,1.7,2.659,2.1,1.835,2015-05-13,5,"May",133
"134",134,1.1,1.4,2.9,6.6,1,3.3,2.4,1.1,2.5,3.2,5,1.7,1.8,2.1,1.3,2.2,1.7,2.429,2.1,1.481,2015-05-14,5,"May",134
"135",135,1.2,1.4,4.1,4.8,1.5,3.1,2.4,1.1,2.6,2.6,4.9,3.6,1.7,3.4,1.3,2.1,1.6,2.553,2.4,1.247,2015-05-15,5,"May",135
"136",136,1.2,1.7,3.4,5.1,1.8,4.3,2.7,1.1,2.4,2.9,5,5,2.4,2.9,1.3,2,1.8,2.765,2.4,1.357,2015-05-16,5,"May",136
"137",137,1,1.8,2.6,3.9,1.4,4.2,2.1,1.4,2.3,3.9,5.5,3,2.2,4.3,1.3,1.9,1.7,2.618,2.2,1.298,2015-05-17,5,"May",137
"138",138,1,1.4,2.5,3.8,1.3,4.1,3.1,2.5,2.4,4.2,8.7,3.4,2.3,3.7,1.3,2.1,1.6,2.906,2.5,1.816,2015-05-18,5,"May",138
"139",139,1.1,1.4,2.6,3.8,1.4,3.8,3.3,2.6,2.7,4.5,7.5,2.6,2.7,3.2,1.7,2,1.8,2.865,2.6,1.523,2015-05-19,5,"May",139
"140",140,1,1.4,4.4,3.1,1.7,3.4,3.3,1.7,3.6,3.5,6.7,2.4,2.9,3.9,1.6,2,1.8,2.847,2.9,1.406,2015-05-20,5,"May",140
"141",141,0.9,1.4,3.6,3.6,1.7,3.3,4.1,1.9,4.1,3.2,14.9,2.3,2.2,4.2,3.1,2,1.9,3.435,3.1,3.126,2015-05-21,5,"May",141
"142",142,0.9,1.5,5.2,6.1,4,3.1,4.5,1.7,3.2,3,12.4,2.8,2.2,3.6,2.8,2.6,3.4,3.706,3.1,2.591,2015-05-22,5,"May",142
"143",143,2.4,1.5,4.5,4.3,2.4,3.4,4.5,2.7,2.8,5.5,21.5,3,3.4,3.2,2.6,5.9,2.5,4.476,3.2,4.541,2015-05-23,5,"May",143
"144",144,1.9,1.4,3.5,4.1,1.9,6.1,4.6,1.9,2.8,5.1,14.5,2.5,2.4,6.8,2.3,2.1,4.2,4.006,2.8,3.134,2015-05-24,5,"May",144
"145",145,1.3,1.3,3.5,3.7,1.7,4.4,5.4,1.6,3.1,4.3,9.7,2.2,2.3,5.3,6.9,2.5,2.6,3.635,3.1,2.231,2015-05-25,5,"May",145
"146",146,1.5,1.2,4.4,3.3,1.8,3.5,4.1,2.6,4.1,4.6,8.1,2.1,2.4,3.9,13.4,2,7,4.118,3.5,3.024,2015-05-26,5,"May",146
"147",147,1.3,1.7,7.7,4.6,1.4,3.3,5.1,2.3,3.6,5.3,7.4,2.4,7.7,3.3,8.6,4.7,4.2,4.388,4.2,2.335,2015-05-27,5,"May",147
"148",148,2,1.7,5.3,3.6,1.4,3.4,9,3.7,3.7,5.3,8.9,2.1,3.6,3,5.9,3.2,3,4.047,3.6,2.224,2015-05-28,5,"May",148
"149",149,1.5,1.6,5.7,5.2,1.7,3.1,7.1,3.9,3.4,6.5,7.2,2,2.7,2.8,11,2.2,2.6,4.129,3.1,2.621,2015-05-29,5,"May",149
"150",150,3.4,1.4,4.1,4.6,1.8,2.9,4.8,6.2,3,5.3,6.9,1.9,2.5,3.1,40.2,2.4,2.3,5.694,3.1,9.03,2015-05-30,5,"May",150
"151",151,2,1.3,6.1,3.9,1.9,2.8,4,4,2.7,6,6.4,1.8,2.9,2.9,12,3,2.1,3.871,2.9,2.605,2015-05-31,5,"May",151
"152",152,4.2,1.8,4.3,3.9,1.3,2.5,4.7,2.8,2.7,5,6.1,1.8,2.9,2.7,7.4,2.2,2.1,3.435,2.8,1.664,2015-06-01,6,"Jun",152
"153",153,2,1.5,8.5,3,1.2,2.3,4.2,4.2,2.5,6.1,6.6,3.2,2.5,2.4,6.2,2,2.9,3.606,2.9,2.07,2015-06-02,6,"Jun",153
"154",154,1.5,1.6,5.8,3.3,1.6,3,3.5,3.6,2.4,4.9,7.9,2.3,2.8,2.2,5.2,1.9,5,3.441,3,1.778,2015-06-03,6,"Jun",154
"155",155,1.3,1.5,4.9,3,2.3,2.6,3.3,3.1,2.4,6,6.7,2.4,3.2,2.5,5,1.9,3.3,3.259,3,1.528,2015-06-04,6,"Jun",155
"156",156,1.2,1.4,4.1,2.9,1.9,2.4,3.5,2.8,2.6,6.5,6.1,4.6,5.4,2.4,4.3,4.3,2.5,3.465,2.9,1.572,2015-06-05,6,"Jun",156
"157",157,1,1.5,4,3.2,1.8,2.7,3.7,2.9,2.5,5.9,6.2,3.5,4.3,2.4,3.6,3.5,3.2,3.288,3.2,1.364,2015-06-06,6,"Jun",157
"158",158,1.1,1.4,4.1,4,2.1,4.7,4.5,2.5,2.3,5.6,6,5.1,5.6,2.9,6.5,2.6,2.4,3.729,4,1.691,2015-06-07,6,"Jun",158
"159",159,1.1,1.8,3.7,3.4,2.2,5.4,4.1,3.1,2.2,5.8,7.9,5,3.8,2.4,6.9,2.5,4.1,3.847,3.7,1.859,2015-06-08,6,"Jun",159
"160",160,2,2.3,8,3.6,2.3,5.4,6.1,5.9,3,5.1,6,5.2,3.9,2.3,6.7,2.3,3.4,4.324,3.9,1.858,2015-06-09,6,"Jun",160
"161",161,1.3,1.8,3.9,3.1,2,4,5.4,3.6,3.6,4.5,5.7,4.1,3.9,2.1,5.9,2,3.5,3.553,3.6,1.38,2015-06-10,6,"Jun",161
"162",162,1.1,1.6,3.6,3.8,2.5,4.1,4.3,3,3.7,6.1,6.6,3.4,3.4,2.5,5,1.9,3.3,3.524,3.4,1.458,2015-06-11,6,"Jun",162
"163",163,1.2,1.8,3.4,4.3,2.1,3.9,4,2.7,2.9,6.3,5.8,3.1,3.2,2.2,4.3,2.7,3.4,3.371,3.2,1.329,2015-06-12,6,"Jun",163
"164",164,4.9,4.6,3.1,3.5,2.2,3.4,4.1,2.4,3.2,5.8,5.4,2.8,4.9,2.4,3.7,4,3.4,3.753,3.5,1.074,2015-06-13,6,"Jun",164
"165",165,2.2,3.9,3.4,3.7,2,3.9,3.8,2.5,3.3,7,5.4,2.8,7.3,2.2,3.2,4.1,3.3,3.765,3.4,1.525,2015-06-14,6,"Jun",165
"166",166,1.7,5,3.1,4.9,2.9,7.7,3.9,2.2,2.8,11.7,5.3,2.5,4.9,2,4.7,3,4.4,4.276,3.9,2.448,2015-06-15,6,"Jun",166
"167",167,3.2,4.1,3,3.9,3.3,4.9,4.8,2,2.6,8.7,8.6,4.1,3.9,3.7,3.3,7,4.1,4.424,3.9,1.926,2015-06-16,6,"Jun",167
"168",168,3,2.8,3.3,3.4,3.1,4.7,5.8,2,2.4,12.2,6.2,3.5,3.5,2.6,2.9,2.9,3.6,3.994,3.3,2.392,2015-06-17,6,"Jun",168
"169",169,2.3,3.4,5.6,3.6,2.5,3.5,5.9,1.8,4.1,17.7,5.3,7.6,3.2,2.3,3.1,6.1,5.3,4.9,3.6,3.674,2015-06-18,6,"Jun",169
"170",170,1.9,3,3.9,3.7,3.3,3.3,5.4,2.3,3.2,14.7,4.8,4.4,2.9,2.1,2.8,4.6,4,4.135,3.3,2.889,2015-06-19,6,"Jun",170
"171",171,1.8,2.9,3.5,3.6,3.3,3.3,4.7,3.1,2.8,9.3,4.9,3.4,3,2.8,3,5.8,5.5,3.924,3.3,1.737,2015-06-20,6,"Jun",171
"172",172,1.7,4.3,3.4,8.8,2.8,3.8,5.2,2.5,2.6,7.4,6.5,4,2.8,3.1,2.6,4,9.8,4.429,3.8,2.351,2015-06-21,6,"Jun",172
"173",173,1.6,3.5,3.2,5.4,3.5,3.1,5,2.2,2.4,6.5,5,3.2,4,2.7,2.4,3.5,8.6,3.871,3.5,1.763,2015-06-22,6,"Jun",173
"174",174,2,2.8,3.4,4.2,3.1,3.7,4.6,2,3.1,6,4.7,3.6,3.1,2.5,2.3,3.1,5.5,3.512,3.1,1.16,2015-06-23,6,"Jun",174
"175",175,1.6,4.1,3.1,3.9,2.6,3.2,5.3,2.7,2.6,5.9,4.5,6.6,6.2,2.5,2.4,4.9,5.5,3.976,3.9,1.538,2015-06-24,6,"Jun",175
"176",176,1.6,3.6,4.1,3.7,2.3,3,6.9,4.1,2.4,5,5,5.4,4.4,3.1,2.4,3.6,12.9,4.324,3.7,2.574,2015-06-25,6,"Jun",176
"177",177,1.5,2.8,3.8,3.4,3.1,3.1,7.5,5.4,2.7,4.4,5.1,6.1,4.1,2.6,2.1,4.4,9.5,4.212,3.8,2.04,2015-06-26,6,"Jun",177
"178",178,1.4,2.6,5.2,6.1,3.5,2.9,6.4,6.5,2.5,4,5.2,4.9,3.7,3.8,2,4.9,7.3,4.288,4,1.713,2015-06-27,6,"Jun",178
"179",179,1.9,2.4,12.4,3.5,3.4,3,5.7,7.7,2.4,4,4.6,5.2,3.6,3.9,3.6,4.8,6,4.594,3.9,2.488,2015-06-28,6,"Jun",179
"180",180,1.6,3.7,8.7,3.6,3.6,4.9,5,15.2,2.3,5.6,4.6,4.5,5.1,3.2,2.7,4.2,5.8,4.959,4.5,3.09,2015-06-29,6,"Jun",180
"181",181,1.5,3,7,3.7,4.1,4.3,4.6,7.4,2.4,4.3,4.8,4,8.7,2.9,4.7,4.3,5.1,4.518,4.3,1.806,2015-06-30,6,"Jun",181
"182",182,1.5,2.4,6.9,3.1,3.1,3.8,4.9,6.6,2.5,3.5,5.4,3.9,6.2,3.3,3.1,3.6,4.6,4.024,3.6,1.532,2015-07-01,7,"Jul",182
"183",183,1.7,2.9,10.8,2.8,2.8,3.3,6.5,5.2,2.4,3.3,4.8,5,5,2.9,3,3.6,4.7,4.159,3.3,2.12,2015-07-02,7,"Jul",183
"184",184,1.5,2.6,12,2.5,7.8,3.4,5,4.5,2.4,3.2,4.6,4.9,4.4,2.7,4.8,3.7,4.4,4.376,4.4,2.439,2015-07-03,7,"Jul",184
"185",185,1.9,2.3,9.6,2.6,4,3.3,4.3,4.6,6.7,6.4,5.2,4,3.9,2.7,3.8,4,4.6,4.347,4,1.873,2015-07-04,7,"Jul",185
"186",186,1.7,3.2,8.3,7.9,3.7,4.2,4,5,7,5,4.6,3.7,3.7,11.7,4,3.3,4.1,5.006,4.1,2.422,2015-07-05,7,"Jul",186
"187",187,1.7,4.1,7.8,4.6,5.1,6.9,4.2,4.2,4.2,4,5,3.5,3.8,4.3,4.5,3.1,6.3,4.547,4.2,1.425,2015-07-06,7,"Jul",187
"188",188,1.6,3.2,6.6,6.4,8.9,5.9,4.2,4,4,3.7,6.9,3.7,3.4,4.1,6.4,2.8,5,4.753,4.1,1.839,2015-07-07,7,"Jul",188
"189",189,1.7,2.7,5.8,5.1,8.3,4.2,4.3,3.7,3.5,4.2,5.4,4.1,3.2,6.9,5,2.8,4.4,4.429,4.2,1.599,2015-07-08,7,"Jul",189
"190",190,1.6,2.5,5.4,4.6,5.4,3.7,4.7,3.4,3.4,3.6,5.3,3.3,11.1,7.9,4,2.5,4.2,4.506,4,2.229,2015-07-09,7,"Jul",190
"191",191,2.2,2.4,6,2.9,4.3,8.1,4,5.9,3.2,3.6,5.6,3.1,3.8,5.1,5.7,5.5,4.1,4.441,4.1,1.557,2015-07-10,7,"Jul",191
"192",192,2.2,3,5,2.9,3.9,5.2,3.7,5.4,6.8,3.5,4.9,12.5,2.9,4.2,6.3,4.7,5.9,4.882,4.7,2.352,2015-07-11,7,"Jul",192
"193",193,2.5,3.1,4.5,2.5,4.3,4.2,4.7,4.6,3.8,3.7,7.8,4.6,2.6,5.7,4.8,3.7,5.5,4.271,4.3,1.324,2015-07-12,7,"Jul",193
"194",194,2.1,2.6,4.4,3.9,6.7,7.1,3.7,3.8,3.4,5.1,5.5,3.3,3.7,5.4,4.2,3.4,4.6,4.288,3.9,1.334,2015-07-13,7,"Jul",194
"195",195,2.4,2.4,4.2,4.8,7,4.6,3.6,3.5,3.2,3.6,5.8,2.8,3.3,5.9,4,3.1,4.1,4.018,3.6,1.274,2015-07-14,7,"Jul",195
"196",196,3.7,2.4,5.4,6.8,5.3,4.1,6.4,3.3,3.1,3.4,7.6,8.8,2.9,4.6,3.7,3,4.2,4.629,4.1,1.829,2015-07-15,7,"Jul",196
"197",197,3.1,2.2,4.1,7.2,4.3,3.8,4.4,3.2,2.9,3.4,6.1,4.4,2.7,4.2,3.5,2.9,4.1,3.912,3.8,1.236,2015-07-16,7,"Jul",197
"198",198,3.6,2.3,3.9,7,3.6,3.8,7.3,3,2.7,3.4,6,3.4,5,3.9,4.7,2.8,3.6,4.118,3.6,1.445,2015-07-17,7,"Jul",198
"199",199,5.3,2.1,4.6,5.8,3.2,3.5,5,13.1,5.4,3.2,5.6,3,3.9,3.5,4.5,6,3.5,4.776,4.5,2.427,2015-07-18,7,"Jul",199
"200",200,5.7,2.1,3.8,4.7,2.8,3.7,4.2,5.9,8.5,3.3,5.3,2.8,7,3.5,3.7,4.3,3.3,4.388,3.8,1.648,2015-07-19,7,"Jul",200
"201",201,4,2.1,3.8,4.1,2.5,3.4,3.8,5.8,6,4.8,5.2,5.2,4.7,3.4,6.6,3.4,5.8,4.388,4.1,1.268,2015-07-20,7,"Jul",201
"202",202,3.5,2.1,3.4,4,2.3,3.3,3.6,4.7,7.1,3.6,5.2,5.2,6.4,3.3,5.3,3.6,4.9,4.206,3.6,1.348,2015-07-21,7,"Jul",202
"203",203,3.6,2,3.2,4.9,4.2,3.1,3.4,4.3,5.4,6,6.2,3.6,4.4,3.3,6.4,4.9,3.9,4.282,4.2,1.218,2015-07-22,7,"Jul",203
"204",204,3.1,3.3,3.8,8.3,2.8,3.1,4.1,4,4.4,4.5,5.1,3.1,4.5,3.8,4.8,3.5,3.7,4.112,3.8,1.264,2015-07-23,7,"Jul",204
"205",205,2.8,3,3.5,5.5,5.1,3,7.2,3.7,4,4,7.1,2.8,3.7,6.8,5.4,3.3,3.4,4.371,3.7,1.519,2015-07-24,7,"Jul",205
"206",206,3,2.6,5.2,5.1,4.3,3,5.8,3.6,4,3.8,11.6,3,3.2,4.5,4.6,3.4,3.8,4.382,3.8,2.063,2015-07-25,7,"Jul",206
"207",207,2.6,2.7,3.8,4.8,4.9,3.2,7.4,3.3,4.9,3.7,6.5,2.9,3.5,3.8,4.3,3.9,3.4,4.094,3.8,1.294,2015-07-26,7,"Jul",207
"208",208,2.7,5.5,3.6,4.7,4.4,3.2,6.5,3.1,3.7,3.6,5.7,2.5,3,6.5,6.2,4.6,3.2,4.276,3.7,1.361,2015-07-27,7,"Jul",208
"209",209,5.6,4.4,4.8,4.9,3.9,2.9,7.4,2.9,3.6,3.5,5.3,2.4,2.8,4.3,5.1,3.3,3.2,4.135,3.9,1.284,2015-07-28,7,"Jul",209
"210",210,3.6,3.4,29.9,4.9,3.9,2.8,8,2.8,4.8,3.3,7.4,2.6,5,4.1,4.5,3.2,3.6,5.753,3.9,6.401,2015-07-29,7,"Jul",210
"211",211,3.1,3.3,8.7,5.4,3.4,3.8,6.7,2.9,4.1,3.6,5.4,2.5,4.2,3.6,4.3,3.4,4.1,4.265,3.8,1.543,2015-07-30,7,"Jul",211
"212",212,3.3,2.8,5.8,4.5,3.2,3.2,5.4,2.7,3.6,4.3,5.2,2.2,4.1,3.5,4.5,3.4,4.2,3.876,3.6,0.998,2015-07-31,7,"Jul",212
"213",213,2.9,29.9,4.8,4.2,2.8,3,4.8,2.5,3.4,4,5.6,2.2,3.7,3.4,4.5,3.1,3.4,5.188,3.4,6.433,2015-08-01,8,"Aug",213
"214",214,4.9,21.8,4,4,2.6,2.9,4.7,2.5,3.2,3.6,5,2.1,3.1,3.3,3.7,3,3.2,4.565,3.3,4.518,2015-08-02,8,"Aug",214
"215",215,3.3,16,3.6,3.6,2.6,3.1,4.8,2.8,3,3.4,4.9,2.2,3,3.3,3.6,3.1,3.1,4.082,3.3,3.145,2015-08-03,8,"Aug",215
"216",216,4,12,3.3,27.3,2.3,5.6,5.4,3.1,3,3.3,4.6,2.1,2.7,4.3,3.3,4.4,3.1,5.518,3.3,6.047,2015-08-04,8,"Aug",216
"217",217,3.4,8,3.2,19.9,2.4,6.2,5.3,2.6,2.8,3.2,4.5,2,2.6,5.8,4,5.1,9.9,5.347,4,4.312,2015-08-05,8,"Aug",217
"218",218,6.2,5.5,3.8,9.7,2.4,4.4,7.6,2.4,4.9,3.1,6,1.9,2.4,4,3.4,6.1,8.3,4.829,4.4,2.264,2015-08-06,8,"Aug",218
"219",219,4.9,4.5,4.7,8.2,3.4,3.9,7.5,2.4,9,3.1,4.6,2.3,2.4,4.2,5.2,4.5,6.5,4.782,4.5,1.993,2015-08-07,8,"Aug",219
"220",220,6.9,4,6.5,7.3,4.2,4,8.4,2.4,4.5,3,4.4,1.9,2.2,4.3,9,3.9,5.2,4.829,4.3,2.113,2015-08-08,8,"Aug",220
"221",221,6,4.6,6,6.9,3,7,7.7,2.9,4,2.8,4.2,1.9,2.1,3.6,7.4,4.2,6.1,4.729,4.2,1.909,2015-08-09,8,"Aug",221
"222",222,4.8,4.8,5.4,6.4,2.4,5.6,6.3,2.5,3.6,3.4,4.3,3.5,2.2,3.8,5.5,3.8,5.2,4.324,4.3,1.317,2015-08-10,8,"Aug",222
"223",223,4,5,4.5,5.6,2.3,4.4,5.3,2.3,3.4,3,4,2.4,2,3.8,4.5,3.8,4.9,3.835,4,1.119,2015-08-11,8,"Aug",223
"224",224,4.8,4.8,4,5.1,2.1,4.1,5,2.3,3.2,3.3,4,2.2,1.9,4.6,4.1,3.4,5.5,3.788,4,1.146,2015-08-12,8,"Aug",224
"225",225,6,5.4,3.7,5.6,2.3,3.9,5.1,3.3,3,3.2,3.9,2.2,1.8,4.4,5,3.2,5.6,3.976,3.9,1.306,2015-08-13,8,"Aug",225
"226",226,4.4,9,4.2,5.4,2.1,3.6,4.5,3.1,3.3,3.2,3.7,2.2,1.8,3.8,5.5,3.2,5,4,3.7,1.681,2015-08-14,8,"Aug",226
"227",227,7.5,8,3.4,7.5,2.5,4.4,4.5,2.9,8.5,3.1,4.5,2.1,2,3.5,3.9,3.5,5,4.518,3.9,2.101,2015-08-15,8,"Aug",227
"228",228,6.2,5.5,3.4,5.4,2.1,3.6,4.1,5.4,4.9,4,5.7,5.9,1.8,3.3,3.7,3.6,4.5,4.3,4.1,1.293,2015-08-16,8,"Aug",228
"229",229,4.6,4.5,3.3,4.8,2.3,3.3,3.8,4.5,4.3,3.8,4.5,5.3,2.2,3.5,4.6,3.8,4.4,3.971,4.3,0.848,2015-08-17,8,"Aug",229
"230",230,4,4.6,11.1,6.1,2.1,4.1,3.7,9.5,3.8,3.2,4.5,3.4,2.2,4.2,7.8,3.8,5.3,4.906,4.1,2.449,2015-08-18,8,"Aug",230
"231",231,3.7,4.9,6.1,6.1,2,4.3,3.6,5.1,3.6,3.3,10.7,3.1,3.8,3.6,6.4,4.6,4.3,4.659,4.3,1.946,2015-08-19,8,"Aug",231
"232",232,6.9,5.5,5.1,4.8,2.4,4.2,3.6,4.2,3.6,4,4.8,3.1,2.5,3.6,6.1,4.1,5.7,4.365,4.2,1.234,2015-08-20,8,"Aug",232
"233",233,8.9,4.6,10.4,4.4,2.5,5.1,3.4,5.8,4.2,3.4,4.3,3.1,2.3,4.4,7.2,3.9,5.3,4.894,4.4,2.169,2015-08-21,8,"Aug",233
"234",234,5.1,3.8,10.1,4.9,2.3,5.2,3.3,5.2,5.3,3.3,3.8,3.3,2,6.2,5.4,3.5,4.9,4.565,4.9,1.849,2015-08-22,8,"Aug",234
"235",235,4,4.1,6.9,5.6,5.9,4.7,3.2,5.9,4.3,3.2,3.6,3.2,1.9,5.1,4.7,3.3,5.3,4.406,4.3,1.283,2015-08-23,8,"Aug",235
"236",236,3.3,8,8.3,4.9,5.2,5.4,3.3,5.4,4.5,5.7,6.8,3.4,2.3,3.9,4.5,3.1,5.3,4.9,4.9,1.674,2015-08-24,8,"Aug",236
"237",237,3.7,6.9,6.6,3.9,4,4.6,3.2,5.1,4.1,4.2,4.4,3.3,1.9,6.4,3.9,3,4.6,4.341,4.1,1.317,2015-08-25,8,"Aug",237
"238",238,4,5.5,7,4.2,3.3,4.8,4.5,4.5,4.4,3.5,3.9,6,2.3,4.4,5.6,2.9,8.4,4.659,4.4,1.503,2015-08-26,8,"Aug",238
"239",239,3,5.9,7.3,4.5,3.2,9,5.6,4.1,4.7,3.4,3.7,4.4,3.2,4.1,6.1,2.7,5.9,4.753,4.4,1.692,2015-08-27,8,"Aug",239
"240",240,3.8,6,7.7,5,4,6.2,6.7,3.9,5.8,3.8,4.6,5.8,2.5,5.3,4.8,2.9,5.9,4.982,5,1.386,2015-08-28,8,"Aug",240
"241",241,3,6.3,6.3,6.1,4,5.1,5.9,3.5,4.3,3.4,3.8,4.1,2.1,4.5,4.4,2.6,6.1,4.441,4.3,1.338,2015-08-29,8,"Aug",241
"242",242,2.6,5.5,5.5,4.7,3.3,5.5,5.1,3.4,10.7,3.2,3.7,3.6,2,4.3,4.3,2.5,5.1,4.412,4.3,1.965,2015-08-30,8,"Aug",242
"243",243,2.7,4.8,5.7,4.8,3.1,8.3,5.3,3.4,6.4,3.4,4,3.5,3.4,5,4.3,5.3,4.8,4.6,4.8,1.397,2015-08-31,8,"Aug",243
"244",244,2.5,4.4,7.2,4.2,2.9,6.1,5,3.1,5.6,3.3,3.5,2.7,3.9,4.6,3.8,3,6.7,4.265,3.9,1.428,2015-09-01,9,"Sep",244
"245",245,2.3,4.1,5.3,4.2,2.6,5.1,4.8,2.9,4.8,4.2,3.4,3.4,2.8,4.4,4.3,3,5.1,3.924,4.2,0.963,2015-09-02,9,"Sep",245
"246",246,2.5,4,4.9,4.6,3.7,4.6,9.2,3,5.5,3.5,3.2,2.8,2.9,12.1,4,2.9,4.7,4.594,4,2.488,2015-09-03,9,"Sep",246
"247",247,2.3,4.3,5,5.6,5.2,11.3,6.6,2.9,4.6,3.7,3,3.5,2.3,5.7,3.7,2.8,4.3,4.518,4.3,2.147,2015-09-04,9,"Sep",247
"248",248,2.6,4,5.1,3.7,4.6,7.1,5.8,3.1,4.4,3.8,3.3,3,2.2,9.6,4.6,3.3,4.2,4.376,4,1.804,2015-09-05,9,"Sep",248
"249",249,2.2,4.6,4.7,3.4,4.8,5.5,5.1,2.8,4.1,7.9,4,2.6,2.2,6,4.5,2.7,5,4.241,4.5,1.508,2015-09-06,9,"Sep",249
"250",250,2.2,5,7.3,6.7,4.7,6.8,5,6.6,6.4,6.4,8.1,2.4,2.2,5.9,5,2.5,4.4,5.153,5,1.888,2015-09-07,9,"Sep",250
"251",251,2.1,5.1,5.9,4.9,4.5,6.8,4.9,4.6,5.1,4.6,9.9,2.3,3.3,4.6,4,2.4,4,4.647,4.6,1.838,2015-09-08,9,"Sep",251
"252",252,2.2,7,5.8,4.5,5.1,5.9,4.8,8.2,4.6,4,6.6,2.3,5.5,11.5,3.8,2.3,4,5.182,4.8,2.325,2015-09-09,9,"Sep",252
"253",253,2,4,5.6,4,4.5,5.4,8.7,4.8,4.1,3.9,8.5,2.3,3.5,10.3,4.8,2.5,3.8,4.865,4.1,2.302,2015-09-10,9,"Sep",253
"254",254,1.9,5.9,4.9,7.8,6.1,4.9,4.3,4.1,3.9,8.4,6.4,2.2,2.8,7.1,4,7,3.6,5.018,4.9,1.929,2015-09-11,9,"Sep",254
"255",255,4.2,6,4.4,4.9,6.6,4.6,4.4,3.7,4.4,4.3,6.6,2.1,2.5,5.6,4.2,3.9,5.2,4.565,4.4,1.222,2015-09-12,9,"Sep",255
"256",256,3.6,5.5,4.1,4.4,5,4.3,4.2,5.3,4.9,8.4,5.2,2.3,2.4,14.2,3.5,3.2,11.7,5.424,4.4,3.184,2015-09-13,9,"Sep",256
"257",257,3.1,6.6,4,3.6,4.6,4.1,3.6,4.6,4,6.3,5.6,2.1,2.3,7.1,3.4,3,6.9,4.406,4,1.572,2015-09-14,9,"Sep",257
"258",258,2.4,5,5.2,3.6,4.6,4.8,4.9,3.9,3.6,8.8,5.5,2,2.2,5.6,4.3,2.8,6.8,4.471,4.6,1.729,2015-09-15,9,"Sep",258
"259",259,2.2,3.5,5.6,9.3,4.6,4.6,5.5,3.6,3.7,8.7,5.4,1.9,4.1,7,3.5,2.8,5.9,4.818,4.6,2.073,2015-09-16,9,"Sep",259
"260",260,2.1,4.5,4.7,6,4.8,4.8,5.4,3.4,4,8,4.6,1.9,2.5,7.2,3.5,2.6,5.5,4.441,4.6,1.702,2015-09-17,9,"Sep",260
"261",261,2.4,5,5.6,8,4,5,6.1,3.3,3.5,7.3,5.5,2,4.4,6.5,6.6,3.3,5.2,4.924,5,1.696,2015-09-18,9,"Sep",261
"262",262,2,5.5,4.7,7.6,4.5,4.7,4.9,3.1,3.4,6.1,4.5,2,3.3,7.1,5,3,6.6,4.588,4.7,1.659,2015-09-19,9,"Sep",262
"263",263,2,8.3,4.9,7.2,5.2,4.9,4.7,3,3.3,9.8,4.8,3.6,5.1,5.3,3.8,2.6,5.3,4.929,4.9,2.002,2015-09-20,9,"Sep",263
"264",264,1.8,6.3,4.2,6.8,4.1,5.8,5.4,2.9,3.2,10.1,4.7,4.8,5.2,7.7,3.6,2.4,7.2,5.071,4.8,2.122,2015-09-21,9,"Sep",264
"265",265,1.9,10.7,4,6.4,4.2,6.3,6.5,3,3,8.3,7,3.1,4.1,5.6,5.7,2.8,6.9,5.265,5.6,2.306,2015-09-22,9,"Sep",265
"266",266,2.2,7.4,7.4,6,5.1,5.4,4.8,3.2,3.3,7.6,6.1,2.9,3.3,6,3.9,2.5,6.6,4.924,5.1,1.818,2015-09-23,9,"Sep",266
"267",267,7.2,5.5,5.5,5.6,4.2,4.6,4.5,6.6,3.1,9.2,5.1,3,3,4.6,5.2,5.5,6.9,5.253,5.2,1.611,2015-09-24,9,"Sep",267
"268",268,5.1,6.4,4.7,6.4,6.7,6.1,4.2,3.9,4.9,6.8,4.5,3.3,3.1,4.2,4.5,3.7,7.1,5.035,4.7,1.298,2015-09-25,9,"Sep",268
"269",269,3.4,6.3,9.8,8.3,4.2,5.8,4.1,3.6,3.6,6.4,4.2,3,2.6,4.4,3.6,2.9,6.9,4.888,4.2,2.041,2015-09-26,9,"Sep",269
"270",270,2.8,11.5,10,6.8,3.6,5.6,3.9,3.3,8.8,6.7,3.9,4,2.4,4.1,6.4,2.7,6.7,5.482,4.1,2.681,2015-09-27,9,"Sep",270
"271",271,3.6,15.5,8,7,6.1,5.2,3.7,3,9.3,5.7,3.7,12.8,2.3,5.9,6.3,3.3,12.9,6.724,5.9,3.859,2015-09-28,9,"Sep",271
"272",272,3.7,10.4,5.6,7,4.4,5.2,3.6,4.7,6,7.8,8,5.9,2.2,5,5.7,3.3,35,7.265,5.6,7.418,2015-09-29,9,"Sep",272
"273",273,2.9,7.4,5.1,5.5,4,5.3,3.3,5.4,4.8,6.5,5.3,8.5,2.1,4.5,6.6,2.7,8.9,5.224,5.3,1.938,2015-09-30,9,"Sep",273
"274",274,4.4,9.1,7.3,5.3,3.5,6.4,4.7,4,4.6,6.8,5.1,6.9,2.5,4,5.9,2.6,5.7,5.224,5.1,1.738,2015-10-01,10,"Oct",274
"275",275,3.4,8.7,7.6,5,3.3,5.9,4.3,3.6,4.5,6,5.5,10.3,2,3.6,6.6,2.8,6.8,5.288,5,2.221,2015-10-02,10,"Oct",275
"276",276,2.9,6.8,3.9,4.8,3.2,5.3,3.7,3.3,4.5,5.5,5.5,7.6,1.9,5.3,7.2,2.6,4.4,4.612,4.5,1.628,2015-10-03,10,"Oct",276
"277",277,2.6,7.5,3.8,4.5,2.9,4.9,5.2,3.3,4,6.1,5.4,6.1,1.9,3.8,11.7,2.5,3.2,4.671,4,2.348,2015-10-04,10,"Oct",277
"278",278,2.8,6.2,4.3,6.5,4.8,5.6,3.7,3.3,5.3,7.2,4.8,5,1.8,3.4,7.6,6.4,2.3,4.765,4.8,1.711,2015-10-05,10,"Oct",278
"279",279,7.8,5.5,8.6,7,6.6,5.4,5.1,3,5.4,8.5,4.4,4.4,1.9,4.1,5.8,5.3,1.9,5.335,5.4,1.996,2015-10-06,10,"Oct",279
"280",280,4.2,7.7,4.5,5,4.4,5.9,3.7,3.1,4,7.6,4.6,4.5,1.8,4.2,6.4,3.9,1.7,4.541,4.4,1.662,2015-10-07,10,"Oct",280
"281",281,5.2,7.4,4.3,4.3,3.7,5,3.5,3.4,6.6,7.2,4.1,5.4,2.6,3.7,5.8,3.5,1.6,4.547,4.3,1.582,2015-10-08,10,"Oct",281
"282",282,6.4,6.3,9.3,7.9,3.3,4.7,3.7,3.4,5.1,10.9,5.6,6.5,1.9,8.2,8.6,5,1.6,5.788,5.6,2.61,2015-10-09,10,"Oct",282
"283",283,10.7,6.5,6.2,9.1,3.8,4.7,3.6,3,4.4,6.9,4.1,4.8,2.6,14.9,6.8,7.1,1.3,5.912,4.8,3.319,2015-10-10,10,"Oct",283
"284",284,11.4,7.3,5.6,13.7,4.2,5.7,3.2,2.9,4.1,5.9,4.9,4.4,7.5,9.9,5.7,4.3,1.2,5.994,5.6,3.181,2015-10-11,10,"Oct",284
"285",285,10.9,7.8,5.1,8.2,7.5,4.7,3.3,5,7.7,5.4,4,5.3,3,10.5,5.1,4.7,1.1,5.841,5.1,2.6,2015-10-12,10,"Oct",285
"286",286,8.2,7.3,5.2,7.3,6.9,5.9,3.1,5,4.7,6,4.7,4.7,2.3,6.9,9.8,3.8,1,5.459,5.2,2.207,2015-10-13,10,"Oct",286
"287",287,6.2,6.2,4.6,10.9,4.8,6.1,3,3.5,4.6,5.3,5.8,7.4,2.1,5.9,15.4,4.4,0.9,5.712,5.3,3.335,2015-10-14,10,"Oct",287
"288",288,8.9,7.8,7.5,7.7,5.2,6,3,3.1,4.2,5.1,4.6,5.7,2.1,5,12.7,3.6,3.8,5.647,5.1,2.628,2015-10-15,10,"Oct",288
"289",289,5.9,9.8,16.7,9.2,4.9,8.3,5.4,3,7.1,5.2,5.1,4.6,2.2,4.8,16.4,3.3,1.6,6.676,5.2,4.349,2015-10-16,10,"Oct",289
"290",290,5.1,7.8,13,7.6,4.1,8.3,3.2,2.8,4.6,4.9,4.3,4.3,4.1,5.2,23.2,3.1,1.4,6.294,4.6,5.122,2015-10-17,10,"Oct",290
"291",291,4.5,7.1,5.9,8.2,5.3,8.7,3.2,2.7,4.6,5.5,4.2,3.9,3.2,4.7,14.8,3,1.2,5.335,4.6,3.124,2015-10-18,10,"Oct",291
"292",292,4,6.6,7.4,10.7,4.6,11,3.5,2.6,4.4,9.5,5,6.2,2.6,4.6,10.8,3,1,5.735,4.6,3.146,2015-10-19,10,"Oct",292
"293",293,3.6,6.2,7.7,10.2,5,8,15.1,5.5,6.4,9.3,4.2,10.2,4.4,5,8.9,3,1.3,6.706,6.2,3.363,2015-10-20,10,"Oct",293
"294",294,3.4,5.7,6.5,6.9,3.8,6.6,5,4,4.6,7.6,3.9,14.3,4.4,6.7,7.6,2.9,1.3,5.6,5,2.856,2015-10-21,10,"Oct",294
"295",295,3.2,5.4,5.8,8.4,4.4,6,5.1,3.8,4.2,9.7,4.1,10.8,3,4.9,9.7,2.9,2.1,5.5,4.9,2.625,2015-10-22,10,"Oct",295
"296",296,3.1,5,5.3,7,3.7,5.3,4.3,4.4,3.9,6,5.3,8.7,2.6,4.2,10.9,3.3,1.2,4.953,4.4,2.302,2015-10-23,10,"Oct",296
"297",297,2.8,5.3,4.8,6.5,4.5,7.7,3.9,7.4,6.5,14.7,4.1,7,2.3,4.6,8.2,3.3,1.5,5.594,4.8,3.059,2015-10-24,10,"Oct",297
"298",298,2.7,4.5,3.5,5.4,4,8.4,3.7,4.6,6.8,9.6,4,9.3,2.2,4.3,6.8,4.1,1.6,5.029,4.3,2.374,2015-10-25,10,"Oct",298
"299",299,2.5,4.3,3.6,5,6.2,8.6,3.6,4.2,4.9,7.6,3.6,8.7,2.1,3.8,6.4,5.1,12,5.424,4.9,2.573,2015-10-26,10,"Oct",299
"300",300,2.4,5.5,4.5,5.5,8.2,6.8,3.4,3.6,6.9,8.1,4.6,6.7,2,4,5.6,4,12,5.518,5.5,2.47,2015-10-27,10,"Oct",300
"301",301,2.3,4.7,5.5,5.4,40.4,6.8,3.2,3.3,5.2,7.6,4.1,6.2,2.4,6,5.4,3.5,12,7.294,5.4,8.836,2015-10-28,10,"Oct",301
"302",302,2.2,3.9,6,6.3,25.8,6,3.2,5.9,4.6,6.4,4.1,5.7,2,4.8,6.4,4,12,6.429,5.7,5.472,2015-10-29,10,"Oct",302
"303",303,2.2,3.6,4.7,4.6,15.6,5.5,7.4,11.5,6.1,5.9,3.9,5.5,2.3,3.7,6,3.6,12,6.124,5.5,3.654,2015-10-30,10,"Oct",303
"304",304,2.4,3.3,4.6,4.4,11.8,5.3,7.2,7.3,7.5,5.6,3.7,5.8,2,4,6.4,3.4,12,5.688,5.3,2.862,2015-10-31,10,"Oct",304
"305",305,2.5,3.2,4.4,4.2,10.8,6,6,7,5.5,5.5,3.4,5,4.5,3.7,5.5,3.4,12,5.447,5,2.544,2015-11-01,11,"Nov",305
"306",306,2.1,3.1,6.3,4.3,10.7,8.4,8.6,7.4,4.8,5.2,3.4,7.7,3.8,3.4,6.2,5.9,12,6.076,5.9,2.766,2015-11-02,11,"Nov",306
"307",307,2.4,3,12,4.4,13.5,19.3,6.7,7.8,4.6,4.9,3.3,7.2,2.7,3.9,11.6,4.6,12,7.288,4.9,4.781,2015-11-03,11,"Nov",307
"308",308,3.5,2.9,8.7,4.9,10.7,18.9,5.5,5.7,4.3,5.8,3.2,7.7,2.2,5.1,9.6,4.4,12,6.771,5.5,4.21,2015-11-04,11,"Nov",308
"309",309,2.9,3.6,7.2,4.8,9.1,13.7,5.3,5.5,4.1,5.3,4.8,6.9,2.1,7.4,7.7,4.7,12,6.3,5.3,3.067,2015-11-05,11,"Nov",309
"310",310,6.6,2.9,6.8,4.3,16.8,14.3,5.2,13.7,3.8,4.8,5.4,5.6,2.2,12.1,7.8,4.3,12,7.565,5.6,4.458,2015-11-06,11,"Nov",310
"311",311,5.2,2.8,5.8,3.9,11.1,9.5,4.7,16.3,4.9,4.6,7.8,5.1,2.6,21.4,6.8,7.6,12,7.771,5.8,5.02,2015-11-07,11,"Nov",311
"312",312,4,2.6,6.2,6.2,9.2,8,4.4,10.6,9.7,4.5,18.7,6.3,2.1,27.7,10,3.6,12,8.576,6.3,6.432,2015-11-08,11,"Nov",312
"313",313,6.3,2.5,5.2,5.3,7.9,7.3,4.1,12.7,6.5,4.3,40.7,6.3,2,21.3,7.6,3.2,12,9.129,6.3,9.369,2015-11-09,11,"Nov",313
"314",314,15.4,2.8,5.9,3.8,6.8,6.1,3.9,9.6,5.2,4.2,26.2,15.4,2,12.6,6.4,3,12,8.312,6.1,6.303,2015-11-10,11,"Nov",314
"315",315,7.3,2.4,4.7,4.9,6.2,5.7,3.7,8.2,4.7,4.5,14.6,15.9,1.9,9.6,6,2.7,12,6.765,5.7,4.111,2015-11-11,11,"Nov",315
"316",316,5.4,2.4,4.4,7.8,5.7,5.6,3.6,11.2,4.5,4.5,10.7,9.5,1.8,10.2,5.7,5.9,12,6.524,5.7,3.14,2015-11-12,11,"Nov",316
"317",317,5.4,2.3,4.2,9.1,5.3,4.8,3.4,15.2,4.1,4.4,8.8,7.7,1.8,10.2,5.6,7.5,12,6.576,5.4,3.581,2015-11-13,11,"Nov",317
"318",318,4.2,2.4,4.7,5.4,4.9,4.5,3.3,17.4,4,4.2,7.7,9.1,2.3,9.6,5.1,6.4,12,6.306,4.9,3.879,2015-11-14,11,"Nov",318
"319",319,3.9,2.3,4.4,4.5,4.7,4.2,3.1,17.7,3.8,4.4,8.1,13,2.6,7.7,4.8,4.8,12,6.235,4.5,4.23,2015-11-15,11,"Nov",319
"320",320,3.4,2.2,4.4,3.8,7.1,3.7,3.1,11.6,3.7,4.3,17.6,9.1,3.2,18.9,4.6,7.9,12,7.094,4.4,5.14,2015-11-16,11,"Nov",320
"321",321,3.3,2.1,3.9,3.3,4.8,3.4,2.9,12.9,28.9,4.1,11.9,8.5,6.1,25.1,4.7,7.1,12,8.529,4.8,7.761,2015-11-17,11,"Nov",321
"322",322,3.2,2.7,3.8,3.2,4.4,3.5,3.7,16.6,32.6,4,10,7.7,5,13.1,5.2,5.9,12,8.035,5,7.525,2015-11-18,11,"Nov",322
"323",323,4.9,2.5,4.2,3.1,4.8,3.6,3.9,12,13.4,4,8.5,7.6,3.6,10,22.7,6.3,12,7.476,4.9,5.244,2015-11-19,11,"Nov",323
"324",324,3.7,3.3,7.2,3.2,5,3.1,16.5,10.9,9.2,4.6,7.5,6.9,4.5,12.7,27.5,6.5,12,8.488,6.9,6.231,2015-11-20,11,"Nov",324
"325",325,3.2,4.3,9.5,2.7,4.4,2.9,8.3,13.1,7.6,4.6,7,6.4,9.8,8.5,14.5,5.8,12,7.329,7,3.591,2015-11-21,11,"Nov",325
"326",326,3,3.9,11.6,2.5,4.1,2.8,4.8,12.5,5.6,5.2,6.9,17.1,5.6,7.4,16.4,5.8,12,7.482,5.6,4.666,2015-11-22,11,"Nov",326
"327",327,2.9,3.6,10.9,2.3,3.9,2.7,4.2,11,4.5,4.6,6.6,10.6,4.6,6.6,44.5,5,12,8.265,4.6,9.864,2015-11-23,11,"Nov",327
"328",328,3.5,3.1,9,2.2,3.6,2.6,3.8,9.3,12.6,4.3,6.4,7.7,4,6.1,49.9,5.9,12,8.588,5.9,11.107,2015-11-24,11,"Nov",328
"329",329,3.9,7.3,7,2,3.6,2.6,3.5,8.9,6.1,4.2,5.8,7.4,3.4,5.6,45.2,4.8,12,7.841,5.6,9.949,2015-11-25,11,"Nov",329
"330",330,3.4,4.5,6.2,7.9,3.5,2.6,3.3,7.8,4.7,4.4,5.7,6.7,3.3,5.3,26.5,4.4,2.6,6.047,4.5,5.522,2015-11-26,11,"Nov",330
"331",331,3,4.6,9,5.2,4.3,2.4,3.1,7.1,4.5,4,6.7,6.2,3.4,5.2,35.4,4.1,2.8,6.529,4.5,7.639,2015-11-27,11,"Nov",331
"332",332,2.9,7.9,12,4.4,4.2,2.4,3,6.5,6.3,5.7,5.6,5.8,3.2,4.8,22.1,3.8,2.6,6.071,4.8,4.759,2015-11-28,11,"Nov",332
"333",333,2.8,4.6,7,7.4,4.8,3.6,2.9,6,19.2,11.9,5.2,5.5,3.2,4.5,14.1,3.5,2.6,6.4,4.8,4.56,2015-11-29,11,"Nov",333
"334",334,2.6,3.8,6.3,7.3,4.5,18.3,2.9,5.7,52,9.4,5,5.2,3.2,4.3,13.9,3.3,12.4,9.418,5.2,11.815,2015-11-30,11,"Nov",334
"335",335,2.5,3.3,5.8,6.6,6.6,19,6.3,5.3,28.1,14.2,4.7,4.9,3,4.1,10.3,4.2,60.2,11.124,5.8,14.305,2015-12-01,12,"Dec",335
"336",336,2.4,3.1,5.4,4.5,4.7,24,3.5,5.1,16.1,11.1,4.7,4.8,4.8,3.8,8.1,3.9,32.3,8.371,4.8,8.288,2015-12-02,12,"Dec",336
"337",337,2.3,2.9,5.8,3.7,3.5,30.1,9.4,4.8,11.5,8.4,4.8,4.5,3.3,3.6,33.3,3.7,14.8,8.847,4.8,9.259,2015-12-03,12,"Dec",337
"338",338,2.2,2.7,5.1,3.3,5.5,33.4,11.8,4.6,9.3,6.8,4.4,4.4,4.5,3.5,38.9,3.7,7.1,8.894,4.6,10.582,2015-12-04,12,"Dec",338
"339",339,2.2,2.5,4.7,3.1,8.9,16.1,12.1,13.9,8.1,6,4.2,4.2,4.2,3.4,16,3.4,4.6,6.918,4.6,4.757,2015-12-05,12,"Dec",339
"340",340,6.1,2.4,4.5,3.1,6.9,25.9,24.2,21.3,7.2,5.7,4,4.1,18.2,3.3,10.8,3.3,6,9.235,6,7.919,2015-12-06,12,"Dec",340
"341",341,4.4,2.2,4.4,2.9,6.5,15.5,15.6,13.4,6.5,6.2,4,4,8.9,3.2,8.5,3.2,8.7,6.947,6.2,4.31,2015-12-07,12,"Dec",341
"342",342,7.5,1.6,4.2,2.7,6.8,12.2,11.1,11.2,6,7,4.1,3.8,6.4,3.3,7.3,3.1,4.1,6.024,6,3.147,2015-12-08,12,"Dec",342
"343",343,8.3,1.4,6.1,2.7,7.1,10.2,9,8.8,5.6,7.1,3.8,3.7,5.6,7,6.5,3,4.3,5.894,6.1,2.47,2015-12-09,12,"Dec",343
"344",344,7.2,1.5,23.4,2.5,7.7,10.4,11,8.1,5.3,9.9,3.8,3.7,5.4,4.5,5.6,2.9,5.1,6.941,5.4,5.076,2015-12-10,12,"Dec",344
"345",345,4.9,1.6,14,2.4,8.2,10.3,6.9,7.4,5,28.8,3.6,3.7,6,3.5,5,2.8,5.4,7.029,5,6.4,2015-12-11,12,"Dec",345
"346",346,4.4,1.5,8.4,2.4,10.9,9.3,5.9,17.1,4.8,26,3.5,14,5,3.2,4.7,2.7,4.3,7.535,4.8,6.401,2015-12-12,12,"Dec",346
"347",347,24.3,1.5,7.2,2.2,13.4,8.6,5.3,11.3,4.5,10.8,3.4,11.5,4.8,3,4.3,3,7.5,7.447,5.3,5.659,2015-12-13,12,"Dec",347
"348",348,16,1.5,6.3,2.1,12.3,8.1,5,9.6,4.3,8.6,3.3,7,4.6,3,15.1,3.7,7.5,6.941,6.3,4.314,2015-12-14,12,"Dec",348
"349",349,9.6,1.7,6.4,2.6,13.5,7.9,4.5,8.2,4.1,7.3,4.5,5.6,4.4,2.8,10.8,3.1,7.5,6.147,5.6,3.201,2015-12-15,12,"Dec",349
"350",350,6.3,1.8,7.8,2.8,15,7.8,4.3,7.4,4,6.6,8.3,5,4.2,2.9,8.3,2.9,7.5,6.053,6.3,3.171,2015-12-16,12,"Dec",350
"351",351,4.8,1.8,6.7,2.8,21.1,6.9,4,6.8,3.8,8,15.1,4.6,4,5,7.5,2.9,7.5,6.665,5,4.799,2015-12-17,12,"Dec",351
"352",352,3.9,1.8,8.5,2.7,24.3,6.8,3.8,6.2,3.7,6.6,12.3,4.4,3.8,3.2,7,2.7,7.5,6.424,4.4,5.311,2015-12-18,12,"Dec",352
"353",353,3.3,1.8,9.7,3,13.3,5.5,3.6,7,3.5,7.8,9.8,4.1,3.6,2.9,7.1,2.6,7.5,5.653,4.1,3.2,2015-12-19,12,"Dec",353
"354",354,3,1.7,7.3,2.4,10.4,4.6,3.4,5.6,3.3,14.6,17,4,3.4,3.2,6.8,2.7,7.5,5.935,4,4.366,2015-12-20,12,"Dec",354
"355",355,2.7,1.7,9.4,2.3,8.8,4.1,3.4,4.9,3.3,16.1,25.4,3.8,3.2,3.2,6.8,2.9,7.5,6.441,3.8,6.069,2015-12-21,12,"Dec",355
"356",356,2.6,1.7,9.4,2.2,10.9,3.7,3,4.7,3.1,13.1,13.4,3.7,3,5.3,6,2.6,7.5,5.641,3.7,3.841,2015-12-22,12,"Dec",356
"357",357,2.5,1.9,13.2,2.1,8.9,3.5,3.2,4.5,3,9,9.9,3.7,2.8,4.7,5.7,2.5,7.5,5.212,3.7,3.31,2015-12-23,12,"Dec",357
"358",358,2.5,1.8,9.1,1.9,7.4,6.2,3.3,4.4,3,8,8.1,3.5,2.9,6.8,5.5,2.4,7.5,4.959,4.4,2.489,2015-12-24,12,"Dec",358
"359",359,2.4,2.5,7.7,1.8,6.5,4.5,5.2,4.2,2.9,9,7.2,3.4,2.8,14.7,5.1,2.3,7.5,5.276,4.5,3.285,2015-12-25,12,"Dec",359
"360",360,2.5,1.9,7,1.8,5.8,4.5,6.8,4.5,2.7,7.2,6.6,4,3,7.5,4.8,2.2,7.5,4.724,4.5,2.11,2015-12-26,12,"Dec",360
"361",361,2.4,1.8,6.6,1.7,5.5,5.6,4.5,4.3,2.9,6.6,6.1,5.5,6,5.5,7,2.2,7.5,4.806,5.5,1.919,2015-12-27,12,"Dec",361
"362",362,2.5,2.2,6.8,1.6,5.6,4.3,3.8,4,3.5,6.2,11.7,4.4,5.2,4.9,5.1,2.2,7.5,4.794,4.4,2.431,2015-12-28,12,"Dec",362
"363",363,2.4,2,6,2.6,4.9,4.3,3.5,3.8,2.8,6,26.8,3.8,3.6,5.3,4.7,2.7,7.5,5.453,3.8,5.698,2015-12-29,12,"Dec",363
"364",364,2.5,2,5.6,13.8,5.3,4.3,3.4,4.1,2.6,6.8,15,3.6,3.3,4.4,4.5,2.2,7.5,5.347,4.3,3.737,2015-12-30,12,"Dec",364
"365",365,2.4,1.8,5.1,13.7,8.1,3.8,3.2,4.6,2.6,7.9,11.3,3.4,3.1,4,4.3,2.1,7.5,5.229,4,3.377,2015-12-31,12,"Dec",365
